{
    "main_title": "SOLAR POWER CAPACITY ESTIMATOR",
    "form_title": "Enter Information",
    "bill_label": "Monthly Electricity Bill (VND)",
    "bill_placeholder": "Example: 2,000,000",
    "price_type_label": "Price Type",
    "price_type_residential": "Residential",
    "price_type_business": "Business",
    "day_usage_label": "Daytime Usage Rate (%)",
    "day_usage_placeholder": "Example: 70",
    "region_label": "Region",
    "region_placeholder": "Please select a region",
    "know_roof_area_label": "Do you know your roof area?",
    "option_yes": "Yes",
    "option_no": "No",
    "roof_area_input_label": "Enter roof area (m²)",
    "roof_area_input_placeholder": "Example: 50",
    "panel_power_label": "Panel Power (W)",
    "panel_power_placeholder": "Example: 590",
    "max_packs_label": "Max Usable Packs",
    "calculate_button": "Calculate Now",
    "results_title": "Your Estimated Results",
    "consumption_analysis_title": "Consumption Analysis",
    "day_consumption_label": "Daytime Consumption",
    "night_consumption_label": "Nighttime Consumption",
    "ongrid_title": "Ongrid",
    "hybrid_title": "Storage System (Hybrid)",
    "ongrid_title_short": "Ongrid",
    "hybrid_title_short": "Hybrid",
    "system_capacity": "Capacity",
    "savings_label": "Savings",
    "month_unit": "month",
    "payback_label": "Payback Period",
    "years_unit": "years",
    "hybrid_option_1": "Option 1",
    "hybrid_option_2": "Option 2",
    "hybrid_option_3": "Option 3",
    "roof_area_label": "Roof Area",
    "bess_packs_label": "Packs",
    "confirm_button": "Confirm",
    "popup_title": "Register for Installation Consultation",
    "popup_name_label": "Full Name",
    "popup_phone_label": "Phone Number",
    "popup_phone_error": "Please enter numbers only.",
    "popup_phone_error_format": "Please enter a 10-digit phone number, starting with 0.",
    "popup_submit_button": "Submit",
    "popup_submitting_button": "Sending...",
    "toast_message": "Information sent successfully!",
    "popup_error_message": "Submission failed. Please try again later.",
    "error_invalid_bill": "Please enter a valid electricity bill.",
    "error_bill_too_low": "Electricity bill must be 2,000,000 VND or higher.",
    "error_invalid_usage": "Please enter a usage rate between 10 and 100.",
    "error_invalid_panel": "Panel power must be a number greater than 0.",
    "error_region_invalid": "Please select a region.",
    "error_roof_area_invalid": "Please enter a valid roof area (greater than 0).",
    "error_no_valid_system": "System not available",
    "results_disclaimer": "Note: The figures above are estimates only. Actual results may vary depending on installation conditions and other objective factors."
}