{
    "main_title": "Ước tính công suất điện mặt trời",
    "form_title": "Nhập thông tin",
    "bill_label": "Hóa đơn tiền điện hàng tháng (VNĐ)",
    "bill_placeholder": "Ví dụ: 2.000.000",
    "price_type_label": "Loại giá điện",
    "price_type_residential": "Sinh hoạt",
    "price_type_business": "Kinh doanh",
    "day_usage_label": "Tỷ lệ sử dụng điện ban ngày (%)",
    "day_usage_placeholder": "Ví dụ: 70",
    "region_label": "Khu vực",
    "region_placeholder": "Vui lòng chọn khu vực",
    "know_roof_area_label": "Bạn có biết diện tích mái của mình?",
    "option_yes": "Có",
    "option_no": "Không",
    "roof_area_input_label": "Nhập diện tích mái (m²)",
    "roof_area_input_placeholder": "Ví dụ: 50",
    "panel_power_label": "Công suất tấm pin (W)",
    "panel_power_placeholder": "Ví dụ: 590",
    "max_packs_label": "Pack tối đa có thể dùng",
    "calculate_button": "Tính toán ngay",
    "results_title": "Kết quả ước tính dành cho bạn",
    "consumption_analysis_title": "Sản lượng tiêu thụ",
    "day_consumption_label": "Sản lượng ban ngày",
    "night_consumption_label": "Sản lượng ban đêm",
    "ongrid_title": "Hoà lưới",
    "hybrid_title": "Hệ thống lưu trữ (Hybrid)",
    "ongrid_title_short": "Bám tải",
    "hybrid_title_short": "Lưu trữ",
    "system_capacity": "Công suất",
    "savings_label": "Tiết kiệm",
    "month_unit": "tháng",
    "payback_label": "Thời gian hoàn vốn",
    "years_unit": "năm",
    "hybrid_option_1": "Phương án 1",
    "hybrid_option_2": "Phương án 2",
    "hybrid_option_3": "Phương án 3",
    "roof_area_label": "Diện tích mái",
    "bess_packs_label": "Số pack",
    "confirm_button": "Xác nhận",
    "popup_title": "Đăng ký tư vấn lắp đặt",
    "popup_name_label": "Họ và Tên",
    "popup_phone_label": "Số điện thoại",
    "popup_phone_error": "Vui lòng chỉ nhập số.",
    "popup_phone_error_format": "Vui lòng nhập SĐT 10 số, bắt đầu bằng 0.",
    "popup_submit_button": "Gửi",
    "popup_submitting_button": "Đang gửi...",
    "toast_message": "Gửi thông tin thành công!",
    "popup_error_message": "Gửi thất bại. Vui lòng thử lại sau.",
    "error_invalid_bill": "Vui lòng nhập hóa đơn tiền điện hợp lệ.",
    "error_bill_too_low": "Hóa đơn tiền điện phải từ 2.000.000đ trở lên.",
    "error_invalid_usage": "Vui lòng nhập tỷ lệ sử dụng từ 10 đến 100.",
    "error_invalid_panel": "Công suất tấm pin phải là một số lớn hơn 0.",
    "error_region_invalid": "Vui lòng chọn khu vực.",
    "error_roof_area_invalid": "Vui lòng nhập diện tích mái hợp lệ (lớn hơn 0).",
    "error_no_valid_system": "Hệ thống không khả dụng",
    "results_disclaimer": "Lưu ý: Các số liệu trên chỉ mang tính chất tham khảo. Kết quả thực tế có thể thay đổi tùy thuộc vào điều kiện lắp đặt và các yếu tố khách quan khác."
}